<?xml version="1.0" encoding="utf-8" ?>
<dwsync>
<file name="banner2.jpg" server="E:/wamp64/www/MyPHPwork/" local="131648851282871869" remote="131648851280000000" Dst="0" />
<file name="clothsbanner.jpg" server="E:/wamp64/www/MyPHPwork/" local="131648796152218576" remote="131648796150000000" Dst="0" />
<file name="bb1.jpg" server="E:/wamp64/www/MyPHPwork/" local="131199712129453120" remote="131199712120000000" Dst="0" />
<file name="bb2.jpg" server="E:/wamp64/www/MyPHPwork/" local="131199712041250000" remote="131199712040000000" Dst="0" />
<file name="bb4.jpg" server="E:/wamp64/www/MyPHPwork/" local="131199711837187504" remote="131199711830000000" Dst="0" />
<file name="bb3.jpg" server="E:/wamp64/www/MyPHPwork/" local="131199711947148432" remote="131199711940000000" Dst="0" />
<file name="bb5.jpg" server="E:/wamp64/www/MyPHPwork/" local="131199711722070304" remote="131199711720000000" Dst="0" />
<file name="img-sprite.png" server="E:/wamp64/www/MyPHPwork/" local="131195336703657624" remote="131195336700000000" Dst="0" />
<file name="menu1.jpg" server="E:/wamp64/www/MyPHPwork/" local="131199726089023440" remote="131199726080000000" Dst="0" />
<file name="menu2.jpg" server="E:/wamp64/www/MyPHPwork/" local="131200356791599757" remote="131200356790000000" Dst="0" />
<file name="shirt1.jpg" server="E:/wamp64/www/MyPHPwork/" local="132626908059996510" remote="132626908050000000" Dst="0" />
<file name="shirt2.jpg" server="E:/wamp64/www/MyPHPwork/" local="132626909210106510" remote="132626909210000000" Dst="0" />
<file name="t1.jpg" server="E:/wamp64/www/MyPHPwork/" local="132626931149056510" remote="132626931140000000" Dst="0" />
<file name="t2.jpg" server="E:/wamp64/www/MyPHPwork/" local="132626931425706510" remote="132626931420000000" Dst="0" />
<file name="sweater1.jpg" server="E:/wamp64/www/MyPHPwork/" local="132626970782476510" remote="132626970780000000" Dst="0" />
<file name="sweater2.jpg" server="E:/wamp64/www/MyPHPwork/" local="132626971557526510" remote="132626971550000000" Dst="0" />
<file name="Hoodies1.png" server="E:/wamp64/www/MyPHPwork/" local="132626979322466510" remote="132626979320000000" Dst="0" />
<file name="Hoodies2.png" server="E:/wamp64/www/MyPHPwork/" local="132626979692786510" remote="132626979690000000" Dst="0" />
<file name="skirt1.png" server="E:/wamp64/www/MyPHPwork/" local="132626990522116510" remote="132626990520000000" Dst="0" />
<file name="skirt2.png" server="E:/wamp64/www/MyPHPwork/" local="132626991222846510" remote="132626991220000000" Dst="0" />
<file name="skirt3.png" server="E:/wamp64/www/MyPHPwork/" local="132626991927976510" remote="132626991920000000" Dst="0" />
<file name="skirt4.png" server="E:/wamp64/www/MyPHPwork/" local="132626992307316510" remote="132626992300000000" Dst="0" />
<file name="wp8.jpg" server="E:/wamp64/www/MyPHPwork/" local="131200293474453120" remote="131200293470000000" Dst="0" />
<file name="wp5.jpg" server="E:/wamp64/www/MyPHPwork/" local="131200292628984384" remote="131200292620000000" Dst="0" />
<file name="wp4.jpg" server="E:/wamp64/www/MyPHPwork/" local="131200292705234368" remote="131200292700000000" Dst="0" />
<file name="wp3.jpg" server="E:/wamp64/www/MyPHPwork/" local="131200292946992192" remote="131200292940000000" Dst="0" />
<file name="tp9.jpg" server="E:/wamp64/www/MyPHPwork/" local="131194288944199831" remote="131194288940000000" Dst="0" />
<file name="tp10.jpg" server="E:/wamp64/www/MyPHPwork/" local="131194289464188866" remote="131194289460000000" Dst="0" />
<file name="tp11.jpg" server="E:/wamp64/www/MyPHPwork/" local="131194289565945711" remote="131194289560000000" Dst="0" />
<file name="tp12.jpg" server="E:/wamp64/www/MyPHPwork/" local="131194290001095824" remote="131194290000000000" Dst="0" />
<file name="hp9.jpg" server="E:/wamp64/www/MyPHPwork/" local="131199716120571123" remote="131199716120000000" Dst="0" />
<file name="hp8.jpg" server="E:/wamp64/www/MyPHPwork/" local="131199716199765632" remote="131199716190000000" Dst="0" />
<file name="hp7.jpg" server="E:/wamp64/www/MyPHPwork/" local="131199716284804688" remote="131199716280000000" Dst="0" />
<file name="hp3.jpg" server="E:/wamp64/www/MyPHPwork/" local="131199716714335936" remote="131199716710000000" Dst="0" />
<file name="xianglian1.png" server="E:/wamp64/www/MyPHPwork/" local="132627013050896510" remote="132627013050000000" Dst="0" />
<file name="xianglian2.png" server="E:/wamp64/www/MyPHPwork/" local="132627013398726510" remote="132627013390000000" Dst="0" />
<file name="er1.png" server="E:/wamp64/www/MyPHPwork/" local="132627010824446510" remote="132627010820000000" Dst="0" />
<file name="er2.png" server="E:/wamp64/www/MyPHPwork/" local="132627011443696510" remote="132627011440000000" Dst="0" />
<file name="xie1.png" server="E:/wamp64/www/MyPHPwork/" local="132627014690756510" remote="132627014690000000" Dst="0" />
<file name="xie2.png" server="E:/wamp64/www/MyPHPwork/" local="132627016766526510" remote="132627016760000000" Dst="0" />
<file name="sijin1.png" server="E:/wamp64/www/MyPHPwork/" local="132627012582116510" remote="132627012580000000" Dst="0" />
<file name="sijin2.png" server="E:/wamp64/www/MyPHPwork/" local="132627012036706510" remote="132627012030000000" Dst="0" />
</dwsync>